[object Uint8Array]Source page: http://weixin.sogou.com/weixin?p=01030402&query=%E9%B8%9F%E5%93%A5%E7%AC%94%E8%AE%B0&type=2&ie=utf8,
image_1_link,image_1_link/_alt,link_1,link_1/_text,link_1/_title,link_2,link_2/_text,link_2/_title,text_1,html_1
"http://img01.store.sogou.com/net/a/04/link?appid=100520031&url=http://mmbiz.qpic.cn/mmbiz/QY1edcu5hDGhbTiboYy9rfiaP42KQeiaMN5nMVL75cgNsI6TibsnLQicvPLI4c69KZen5OraxP9vh58ibibyR11OwWToQ/0","","http://mp.weixin.qq.com/s?__biz=MzAwMzMxODgyMw==&mid=203579213&idx=1&sn=1858503d90d82430ef5692b1f725c5c8&3rd=MzA3MDU4NTYzMw==&scene=6#rd","我的互联网新闻信息与知识的来源/原文转载'鸟哥笔记'","","http://weixin.sogou.com/gzh?openid=oIWsFt6cILO2EkR2CNyVrO9zV4-M","","胡说八道","作为鸟哥笔记的小编,为了给大家提供最新鲜、最劲道的干货,每日摄取的新闻与信息量是巨大的.一方面是为了收集行业内的相关信息给大家提供更多的干货,另一方面是锻炼自己对行业上下游的视野,写出令人称赞的文章.馒头有项特殊的技能就是整理资料(已被许多人挖去许多绝密资料...",""
"http://img01.store.sogou.com/net/a/04/link?appid=100520031&url=http://mmbiz.qpic.cn/mmbiz/AWTVpzlzltpTDDNxtojibjtmbtyWX6wn1DFq9Uu1572EowqXsYhLCnUicokia814oDdpekpOUKGhibjNuL8ZtgTvzQ/0","","http://mp.weixin.qq.com/s?__biz=MjM5MzIxNTQ2MA==&mid=208169605&idx=1&sn=b32f20b3c25d327d4382b67ccc95f284&3rd=MzA3MDU4NTYzMw==&scene=6#rd","好胆你就来!鸟哥笔记招聘,寻找走心靠谱的你","","http://weixin.sogou.com/gzh?openid=oIWsFt9TwzGIVY8N2jGN0yXjKE5c","","鸟哥笔记","2013年6月开始创业全职运营鸟哥笔记.2014年春节后公司搬到上海,2014年6月成立上海青墨网络科技有限公司(APPCPX),开展移动互联网app推广广告服务业务,到今天业务已经走上正轨.2014年9月着手孵化《全民免费》App项目.鸟哥笔记的今天,已经不单单是鸟哥笔记.这一年...",""
"http://img01.store.sogou.com/net/a/04/link?appid=100520031&url=http://mmbiz.qpic.cn/mmbiz/AWTVpzlzltovlY2qhuhn0fmUWbjSNCZYEmcu5Kv6HDqEib7DQq6wicsjaMA77vBibYvDxoVrLgiafZGCVA9lIGfv5w/0","","http://mp.weixin.qq.com/s?__biz=MjM5MzIxNTQ2MA==&mid=201897453&idx=1&sn=1c80fd08e6a92e9ce8f9f98983f5a9e9&3rd=MzA3MDU4NTYzMw==&scene=6#rd","鸟哥笔记新项目招聘:认真而又严肃的招聘","","http://weixin.sogou.com/gzh?openid=oIWsFt9TwzGIVY8N2jGN0yXjKE5c","","鸟哥笔记","首先,感谢各位一直以来对鸟哥笔记的支持,由于业务快速发展,鸟哥笔记又开启了新一轮的大招聘,作为移动互联网信息平台,鸟哥经手过很多创意的招聘,本次招聘本也想通过策划一些创意去传播,比如“送辣条”“就这么有钱、就这么任性”等等,这种确实有传播性,但是略显“不够严...",""
"http://img01.store.sogou.com/net/a/04/link?appid=100520031&url=http://mmbiz.qpic.cn/mmbiz/yd7vdzQB2ACyqwstQ0YMsr35u6K40DEnyWmsVpR2QaVxTSOiaklgS2QFuBUsNt2OMRuKfkKKCBUxyaOvLGzLMqw/0","","http://mp.weixin.qq.com/s?__biz=MzA5ODE4MDgyNg==&mid=202464671&idx=1&sn=59857af7a9bc547d7c8e2ce66b662538&3rd=MzA3MDU4NTYzMw==&scene=6#rd","鸟哥笔记新项目认真而又严肃的招聘","","http://weixin.sogou.com/gzh?openid=oIWsFtxwSD6R0OUKmyZTcHNV5EOw","","手游道","首先,感谢各位对一直以来鸟哥笔记的支持,由于业务快速发展,鸟哥笔记又开启了新一轮的大招聘,作为移动互联网信息平台,鸟哥经手过很多创意的招聘,本次招聘本也想通过策划一些创意去传播,比如“送辣条”“就这么有钱、就这么任性”等等,这种确实有传播性,但是略显“不够严...",""
"http://img01.store.sogou.com/net/a/04/link?appid=100520031&url=http://mmbiz.qpic.cn/mmbiz/rv7NicZibfDgEgu2QiaoCKv8zE94lZ0IibSP8az0SWOsnKqs0UVNbKiavVH279xChrWlLpcXWiakM0ticKhXalcQraqPw/0","","http://mp.weixin.qq.com/s?__biz=MjM5NjU4ODQwMQ==&mid=201329794&idx=2&sn=f21d5a83edebf2be9c4bbc6c825087b4&3rd=MzA3MDU4NTYzMw==&scene=6#rd","【业内资讯】:移动互联网大咖鸟哥笔记推荐《中超社区》","","http://weixin.sogou.com/gzh?openid=oIWsFt-4NBKGvE-IaSvTx4UwaXxk","","中超社区","鸟哥笔记是涵盖移动互联网资讯、手游、App深度报道、爆料、手游运营推广、App运营推广经验知识分享等一体的移动互联网资源媒体网站.是最热门最真诚的移动互联网运营技术交流社区!APP推广/应用推广干货分享论坛!iPhone应用推广渠道策略研究,Android应用推广渠道策略研究....",""
"http://img01.store.sogou.com/net/a/04/link?appid=100520031&url=http://mmbiz.qpic.cn/mmbiz/wCnh4wYwcuRdKHpFjgHibaFqcQvXRzJ1vkIw05SOC8ia00jWJ5KI3kjOoBpfojaxQkktNk51Yx22Gv2ev3b1Ahww/0","","http://mp.weixin.qq.com/s?__biz=MjM5MjM2MzEyNQ==&mid=201393718&idx=2&sn=8e52426d4b2fe50768a8cb1c0512c929&3rd=MzA3MDU4NTYzMw==&scene=6#rd","鸟哥笔记:干货APP运行推广看这里","","http://weixin.sogou.com/gzh?openid=oIWsFtwbTrNsmiUSWLh5RVdF2hLI","","IT时报","■IT时报 孙妍“最近在研究App的推广运营,对于我这种行业小白来说,有什么网站可以推荐吗?”“你有什么不懂,可以去看鸟哥笔记.”一位做移动互联网公司的朋友介绍道.鸟哥笔记并不是吐槽的论坛,而是一个移动互联网的“干货”分享平台,内容涵盖了手游等App的推广运营知识、...",""
"http://img01.store.sogou.com/net/a/04/link?appid=100520031&url=http://mmbiz.qpic.cn/mmbiz/e3kL9NQSrtwia2UE1Cric6KQiaJF3Jjrnp3WQNUDtKPrlm451WVM1sEGAAd10vDlA1sIjlzgMDxGO6CHNMYXDG0AA/0","","http://mp.weixin.qq.com/s?__biz=MzA5OTM1MjgwMA==&mid=201347801&idx=1&sn=33ccf237214cf33b56ff3ed640dc75ff&3rd=MzA3MDU4NTYzMw==&scene=6#rd","【上线通知】哪吒看书”在”鸟哥笔记“平台上线","","http://weixin.sogou.com/gzh?openid=oIWsFtwqu9ildCbO0SCsGxjc5_rk","","云观新媒体","此次,“哪吒看书”成功在“鸟哥笔记”平台上线,标志着“哪吒看书”跨入国内顶级移动应用阵营,将与更多国内专业级app产品“同台竞技”,也向更多国内手游、App推广运营精英人士展示了平台的内容及服务,又增加了宣传推广渠道,进一步增强了在国内K12数字阅读领域影响力.截...",""
"http://img01.store.sogou.com/net/a/04/link?appid=100520031&url=http://mmbiz.qpic.cn/mmbiz/8XsHmYjC8OgnhoDgfyJdQvJFgeOqficp4Z2FIKrjQ2fduGeC4CacZScGdzkfgnUx5xEKohkkpQnkTyTYnfT9KNQ/0","","http://mp.weixin.qq.com/s?__biz=MzA3OTQ0NjMwMQ==&mid=200684866&idx=1&sn=e4d96d7bca9babb2780feda3f3d2f81f&3rd=MzA3MDU4NTYzMw==&scene=6#rd","鸟哥笔记开放日—圈子小聚","","http://weixin.sogou.com/gzh?openid=oIWsFt28hwPylICMKGxBU9H7rnAM","","握手邦","欢声笑语中,鸟哥笔记创始人曹先生和小伙伴聚在一块,分享互联网创业的经验,畅谈产品的优化与升级,品牌力量的打造与传播.圈子小聚绝不仅仅是你以为是再平常不过的聚会吗?这里有你需要的干货、需要的资源、需要的小伙伴.小伙伴聊得可嗨了勤劳的烧烤哥 感兴趣的就一起加入我...",""
"http://img01.store.sogou.com/net/a/04/link?appid=100520031&url=http://mmbiz.qpic.cn/mmbiz/hiajjlg3Id5HkqxJWLv2HBGHliaEDoM0mC215q19gACdulvMh1Qz8VTBAHrEWeulmeTPaM51bAjia7uOllx3Nk13w/0","","http://mp.weixin.qq.com/s?__biz=MzA3MDI5OTMzOA==&mid=200196621&idx=3&sn=361c388b34fa424bd32091c263c7c1ab&3rd=MzA3MDU4NTYzMw==&scene=6#rd","鸟哥笔记:app推广经验谈","","http://weixin.sogou.com/gzh?openid=oIWsFtwDApWt4rwblLnKCdvTovoA","","哈尔滨IT茶馆","(以下内容部分节选自“鸟哥笔记”公众号)iOS单个激活确实只要几毛钱,演讲前一天,总榜700多名,只花了1000多元,激活数2000左右.要知道不做推广的情况下分类榜和总榜都没有排名,每天激活只有几十个. 广告投放平台:新浪粉丝通.诀窍在细节操作!!目前只选择CPM合作方...",""
"http://img01.store.sogou.com/net/a/04/link?appid=100520031&url=http://mmbiz.qpic.cn/mmbiz/NiamAOqxdKc7JrBseibqK7sKttJYjmzaIpINx5iblTrULcTZcMeJZISg1Yds8wUZPWF8IICpADsj7UVlooNqJcMsw/0","","http://mp.weixin.qq.com/s?__biz=MzA3NzgwOTUzNg==&mid=200334882&idx=1&sn=35bfef7b50ae8d8cd8b332d1c7126b12&3rd=MzA3MDU4NTYzMw==&scene=6#rd","鸟哥笔记开放日—圈子小聚","","http://weixin.sogou.com/gzh?openid=oIWsFt5bf4WgBjGxeoSeA7iGbLvQ","","IPOFM","欢声笑语中,鸟哥笔记创始人曹先生和小伙伴聚在一块,分享互联网创业的经验,畅谈产品的优化与升级,品牌力量的打造与传播.圈子小聚绝你以为是再平常不过的聚会吗?这里有你需要的干货、需要的资源、需要的小伙伴.小伙伴聊得可嗨了勤劳的烧烤哥 感兴趣的就一起加入我们的圈子大...",""
